Fecha,Modelo,Version,Precio,Kilometraje,Año,Potencia,Cambio,Combustible,Ciudad
31/05/2020,Audi A3,1.8 Turbo Attraction Aut.,1300,252.000,01/2001,110 kW (150 CV),Automático,Gasolina,09475 la vid
31/05/2020,Audi A3,1.9TDI Ambition,1300,368.000,01/2001,81 kW (110 CV),Manual,Diésel,50016 Zaragoza
31/05/2020,Audi A3,1.9TDI Ambiente,1400,274.000,08/1999,81 kW (110 CV),Manual,Diésel,28014 Madrid
31/05/2020,Audi A3,1.8 Turbo Attraction,1450,236.000,02/2001,110 kW (150 CV),Manual,Gasolina,08400 Barcelona
31/05/2020,Audi A3,1.8 Turbo Attraction,1490,273.000,05/1997,110 kW (150 CV),Manual,Gasolina,25006 lleida
31/05/2020,Audi A3,1.9 TDI/130 CV cat 3p. Ambiente,1500,220.000,09/2001,96 kW (131 CV),Manual,Diésel,08025 Barcelona
31/05/2020,Audi A3,1.9TDI Ambiente,1500,250.000,01/1999,81 kW (110 CV),Manual,Diésel,17834 porqueres
31/05/2020,Audi A3,1.6 Ambition,1500,189.445,01/2004,75 kW (102 CV),Manual,Gasolina,15010 A Coruña
31/05/2020,Audi A3,1.9TDI Ambition 130 CV color granate,1500,365.000,04/2003,96 kW (131 CV),Manual,Diésel,08040 Barcelona
31/05/2020,Audi A3,1.9 TDI Ambiente,1700,238.000,01/2000,81 kW (110 CV),Manual,Diésel,04740 Roquetas De Mar
31/05/2020,Audi A3,Ambition,1800,257.000,11/1997,66 kW (90 CV),Manual,Diésel,28100 Alcobendas
31/05/2020,Audi A3,1.9TDI Ambition,1800,307.000,02/2002,73 kW (99 CV),Manual,Diésel,28922 Alcorcon
31/05/2020,Audi A3,1.8 Ambiente,1800,290.000,07/2000,92 kW (125 CV),Manual,Gasolina,28017 Madrid
31/05/2020,Audi A3,1.8 Attraction,1800,217.000,10/1997,92 kW (125 CV),Manual,Gasolina,24410 Arganza
31/05/2020,Audi A3,1.8 T Ambiente quattro,1850,276.000,10/2001,110 kW (150 CV),Manual,Gasolina,15181 Cambre
31/05/2020,Audi A3,1.9TDI Ambition,1900,229.000,01/2000,81 kW (110 CV),Manual,Diésel,03204 Elche
31/05/2020,Audi A3,n/a,2000,265.000,07/2004,103 kW (140 CV),Manual,Diésel,28050 Valencia
31/05/2020,Audi A3,1.8 T Attraction quattro,2000,316.000,06/2000,110 kW (150 CV),Manual,Gasolina,18630 Otura
31/05/2020,Audi A3,1.8 Turbo Ambition,2000,190.000,10/2000,110 kW (150 CV),Manual,Gasolina,08360 Canet De Mar
31/05/2020,Audi A3,2.0TDI Ambition,2100,450.000,07/2004,103 kW (140 CV),Manual,Diésel,08700 Igualada
31/05/2020,Audi A3,1.9TDI Ambition 130,2100,305.000,02/2001,96 kW (131 CV),Manual,Diésel,23740 Andújar
31/05/2020,Audi A3,1.8 Turbo Ambition,2200,217.000,12/2002,110 kW (150 CV),Manual,Gasolina,08918 Badalona
31/05/2020,Audi A3,n/a,2250,180.000,06/2004,75 kW (102 CV),Manual,Gasolina,08027 Barcelona
31/05/2020,Audi A3,1.9TDI Ambition,2300,264.000,11/2001,73 kW (99 CV),Manual,Diésel,08921 barcelona
31/05/2020,Audi A3,1.9TDI Ambiente 130,2300,260.000,04/2001,96 kW (131 CV),Manual,Diésel,30510 Murcia
31/05/2020,Audi A3,2.0TDI Ambiente,2300,193.000,08/2004,103 kW (140 CV),Manual,Diésel,30165 murcia
31/05/2020,Audi A3,1.9TDI Ambition,2400,219.000,05/2003,77 kW (105 CV),Manual,Diésel,08720 Vilafranca Del Penedes
31/05/2020,Audi A3,n/a,2499,215.000,06/2004,103 kW (140 CV),Manual,Diésel,28400 Collado Villalba
31/05/2020,Audi A3,1.9TDI Ambition,2500,207.000,05/2001,81 kW (110 CV),Manual,Diésel,03803 Alcoy
31/05/2020,Audi A3,1.8 Ambition,2500,258.000,06/2000,92 kW (125 CV),Manual,Gasolina,28970 Humanes de Madrid
31/05/2020,Audi A3,Sportback 1.9TDI Ambition,2500,201.000,01/2005,77 kW (105 CV),Manual,Diésel,38300 La Orotava
31/05/2020,Audi A3,n/a,2500,246.000,07/2005,103 kW (140 CV),Manual,Gasolina,08912 Badalona
31/05/2020,Audi A3,n/a,2500,190.000,06/2005,77 kW (105 CV),Manual,Diésel,11130 Chiclana de la Frontera
31/05/2020,Audi A3,n/a,2500,280.000,06/2004,103 kW (140 CV),Manual,Diésel,18004 Granada
31/05/2020,Audi A3,n/a,2500,50.000,05/2002,96 kW (131 CV),Manual,Diésel,07184 Calviá
31/05/2020,Audi A3,1.9 TDI Ambiente,2550,283.000,07/1998,81 kW (110 CV),Manual,Diésel,28760 Tres Cantos
31/05/2020,Audi A3,n/a,2600,270.000,07/2006,103 kW (140 CV),Manual,Diésel,11207 Algeciras
31/05/2020,Audi A3,n/a,2600,210.000,06/2005,103 kW (140 CV),Manual,Diésel,46470 Catarroja
31/05/2020,Audi A3,Sportback 2.0TDI Ambiente,2600,235.000,03/2005,103 kW (140 CV),Manual,Diésel,33192 Llanera
31/05/2020,Audi A3,1.6 Ambition,2600,307.000,05/2003,75 kW (102 CV),Manual,Gasolina,43001 tarragona
31/05/2020,Audi A3,n/a,2650,189.000,06/2004,103 kW (140 CV),Manual,Diésel,45850 La Villa de Don Fadrique
31/05/2020,Audi A3,n/a,2700,236.000,07/2005,110 kW (150 CV),Automático,Gasolina,28022 Valencia
31/05/2020,Audi A3,n/a,2700,195.000,07/2005,77 kW (105 CV),Manual,Diésel,08830 San Baudilio de Llobregat
31/05/2020,Audi A3,1.9 TDI Ambiente,2700,283.000,07/1998,81 kW (110 CV),Manual,Diésel,28760 Tres Cantos
31/05/2020,Audi A3,2.0TDI Ambiente DPF,2750,230.000,06/2005,103 kW (140 CV),Manual,Diésel,46500 Sagunto
31/05/2020,Audi A3,n/a,2800,242.000,05/2007,125 kW (170 CV),Manual,Diésel,46600 Alcira
31/05/2020,Audi A3,n/a,2800,255.000,06/2002,96 kW (131 CV),Manual,Diésel,08290 Cerdanyola del Vallès
31/05/2020,Audi A3,n/a,2800,310.000,06/2008,103 kW (140 CV),Manual,Diésel,48012 Bilbao
31/05/2020,Audi A3,n/a,2800,267.593,06/2005,77 kW (105 CV),Manual,Diésel,41006 Sevilla
31/05/2020,Audi A3,1.9TDI Ambition 130,2899,270.000,10/2002,96 kW (131 CV),Manual,Diésel,28320 Pinto
31/05/2020,Audi A3,1.8 Ambiente,2900,185.000,12/1998,92 kW (125 CV),Manual,Gasolina,08105 Sant Fost de Campsentelles
31/05/2020,Audi A3,2.0TDI Ambition,2900,203.998,07/2006,103 kW (140 CV),Manual,Diésel,18320 Santa Fe
31/05/2020,Audi A3,1.6 FSI Ambition,2900,220.000,04/2004,84 kW (114 CV),Manual,Gasolina,28055 28915
31/05/2020,Audi A3,1.8 Ambiente,2900,117.000,06/1999,92 kW (125 CV),Manual,Gasolina,08006 Barcelona
31/05/2020,Audi A3,n/a,2990,225.000,06/2004,103 kW (140 CV),Manual,Diésel,26005 Logroño
31/05/2020,Audi A3,1.9 tdi 130cv 6 velocidades,2990,189.000,07/2003,96 kW (131 CV),Manual,Diésel,08010 BARCELONA
31/05/2020,Audi A3,1.6 FSI Attraction,2999,209.500,05/2004,84 kW (114 CV),Manual,Gasolina,13260 Bolaños de Calatrava
31/05/2020,Audi A3,2.0TDI Ambition,3000,274.000,07/2005,103 kW (140 CV),Manual,Diésel,45313 yepes
31/05/2020,Audi A3,n/a,3000,200.000,07/2005,103 kW (140 CV),Automático,Diésel,28021 Barcelona
31/05/2020,Audi A3,n/a,3000,166.000,06/2004,105 kW (143 CV),Automático,Diésel,41011 Sevilla
31/05/2020,Audi A3,n/a,3000,219.000,08/2006,105 kW (143 CV),Manual,Diésel,30570 Barcelona
31/05/2020,Audi A3,1.8 Ambiente,3000,122.696,03/1998,92 kW (125 CV),Manual,Gasolina,08950 barcelona
31/05/2020,Audi A3,1.9TDI Ambition 130,3000,266.000,02/2003,96 kW (131 CV),Manual,Diésel,28300 Aranjuez
31/05/2020,Audi A3,1.9 TDI,3000,151.000,10/2003,74 kW (101 CV),Manual,Diésel,15300 Betanzos
31/05/2020,Audi A3,1.8 Attraction,3000,110.000,01/2002,92 kW (125 CV),Manual,Gasolina,28039 Madrid
31/05/2020,Audi A3,1.6 Ambiente,3100,211.000,01/2005,75 kW (102 CV),Manual,Gasolina,28037 Madrid
31/05/2020,Audi A3,n/a,3200,380.000,06/2004,103 kW (140 CV),Automático,Diésel,08001 Barcelona
31/05/2020,Audi A3,n/a,3200,173.500,08/2006,100 kW (136 CV),Automático,Diésel,08020 Barcelona
31/05/2020,Audi A3,1.9TDI Ambition 130,3200,197.000,01/2001,96 kW (131 CV),Manual,Diésel,29004 Málaga
31/05/2020,Audi A3,n/a,3290,156.000,08/2006,77 kW (105 CV),Manual,Diésel,28002 Barcelona
31/05/2020,Audi A3,n/a,3300,217.000,05/2007,77 kW (105 CV),Manual,Diésel,29016 Málaga
31/05/2020,Audi A3,n/a,3300,231.500,07/2010,77 kW (105 CV),Manual,Diésel,41008 Sevilla
31/05/2020,Audi A3,2.0 FSI Ambition,3350,184.000,12/2003,110 kW (150 CV),Manual,Gasolina,28100 Madrid
31/05/2020,Audi A3,Sportback 2.0TDI Ambiente,3400,158.000,08/2006,103 kW (140 CV),Manual,Diésel,31600 Burlada
31/05/2020,Audi A3,n/a,3400,200.000,07/2005,103 kW (140 CV),Manual,Diésel,41701 Dos Hermanas
31/05/2020,Audi A3,2.0TDI Ambition,3490,310.000,12/2005,103 kW (140 CV),Manual,Diésel,08720 La Vila
31/05/2020,Audi A3,1.8 Ambition,3500,75.000,04/1998,92 kW (125 CV),Manual,Gasolina,08012 Barcelona
31/05/2020,Audi A3,n/a,3500,190.000,08/2006,103 kW (140 CV),Automático,Diésel,06007 Badajoz
31/05/2020,Audi A3,n/a,3500,228.000,07/2005,103 kW (140 CV),Manual,Diésel,41003 Sevilla
31/05/2020,Audi A3,n/a,3500,290.000,08/2006,103 kW (140 CV),Manual,Diésel,01003 Vitoria-Gasteiz
31/05/2020,Audi A3,n/a,3500,220.000,07/2006,103 kW (140 CV),Manual,Diésel,23640 Torre del Campo
31/05/2020,Audi A3,2.0TDI Ambition,3500,291.000,05/2003,103 kW (140 CV),Manual,Diésel,28038 Madrid
31/05/2020,Audi A3,1.9TDI Attraction,3500,270.000,12/2003,77 kW (105 CV),Manual,Diésel,12001 castellon
31/05/2020,Audi A3,Sportback 2.0 FSI Ambition,3500,202.000,06/2005,110 kW (150 CV),Manual,Gasolina,50002 Zaragoza
31/05/2020,Audi A3,1.9TDI Ambiente quattro 130,3500,297.000,03/2003,96 kW (131 CV),Manual,Diésel,25599 Arties
31/05/2020,Audi A3,1.9TDI Ambition,3500,289.000,11/2004,77 kW (105 CV),Manual,Diésel,17310 Lloret de Mar
31/05/2020,Audi A3,n/a,3550,275.000,08/2006,103 kW (140 CV),Manual,Diésel,28009 València
31/05/2020,Audi A3,Sportback 2.0 FSI Ambiente S-Tronic,3600,250.000,10/2005,110 kW (150 CV),Automático,Gasolina,03007 Alicante
31/05/2020,Audi A3,1.6 FSI Ambition,3700,200.000,03/2004,84 kW (114 CV),Manual,Gasolina,08328 Alella
31/05/2020,Audi A3,n/a,3760,300.000,08/2010,77 kW (105 CV),Manual,Diésel,20850 Mendaro
31/05/2020,Audi A3,n/a,3800,180.000,05/2006,110 kW (150 CV),Manual,Gasolina,48143 Areaza
31/05/2020,Audi A3,n/a,3800,270.000,05/2007,77 kW (105 CV),Manual,Diésel,03440 Ibi
31/05/2020,Audi A3,2.0TDI Ambiente,3800,186.400,11/2007,103 kW (140 CV),Manual,Diésel,17002 Gerona
31/05/2020,Audi A3,1.9TDI Ambition,3800,160.000,10/2004,77 kW (105 CV),Manual,Diésel,08907 Hospitalet de Llobregat
31/05/2020,Audi A3,2.0TDI Ambiente,3900,265.000,06/2004,103 kW (140 CV),Manual,Diésel,10450 jarandilla
31/05/2020,Audi A3,1.9TDI Ambition,3900,114.000,04/2004,77 kW (105 CV),Manual,Diésel,28043 Madrid
31/05/2020,Audi A3,2.0TDI Ambition,3950,227.000,12/2004,103 kW (140 CV),Manual,Diésel,08349 Cabrera de Mar
31/05/2020,Audi A3,2.0 FSI Ambition,3950,178.000,03/2004,110 kW (150 CV),Manual,Gasolina,08840 Viladecans
31/05/2020,Audi A3,2.0TDI Ambition,3990,205.000,10/2005,103 kW (140 CV),Manual,Diésel,37004 Salamanca
31/05/2020,Audi A3,n/a,3990,268.750,07/2004,105 kW (143 CV),Manual,Diésel,28011 Andalusia
31/05/2020,Audi A3,1.6 Ambiente,3990,198.000,11/2003,75 kW (102 CV),Manual,Gasolina,24010 León
31/05/2020,Audi A3,"""S3"" Look TDI Quattro",3999,240.000,07/2001,96 kW (131 CV),Manual,Diésel,31001 Pamplona
31/05/2020,Audi A3,1.9TDI Ambiente,4000,239.000,04/2007,77 kW (105 CV),Manual,Diésel,03450 Alcoy
31/05/2020,Audi A3,n/a,4000,128.000,07/2006,103 kW (140 CV),Automático,Diésel,20600 Éibar
31/05/2020,Audi A3,n/a,4000,170.000,07/2005,103 kW (140 CV),Manual,Diésel,46023 Madrid
31/05/2020,Audi A3,2.0TDI Ambiente S-Tronic,4000,200.000,05/2006,103 kW (140 CV),Automático,Diésel,21730 Almonte
31/05/2020,Audi A3,n/a,4000,220.000,11/2004,103 kW (140 CV),Automático,Diésel,08022 Barcelona
31/05/2020,Audi A3,2.0TDI,4000,230.000,01/2004,103 kW (140 CV),Manual,Diésel,29835 MADRID
31/05/2020,Audi A3,Sportback 1.9TDI Ambiente,4000,184.000,02/2005,77 kW (105 CV),Manual,Diésel,28042 Madrid
31/05/2020,Audi A3,2.0TDI Ambition,4250,309.000,01/2007,103 kW (140 CV),Manual,Diésel,36003 Pontevedra
31/05/2020,Audi A3,1.9TDI Ambiente,4250,175.000,07/2005,77 kW (105 CV),Manual,Diésel,12001 Castellon de la plana
31/05/2020,Audi A3,2.0TDI Ambition,4295,245.000,09/2004,103 kW (140 CV),Manual,Diésel,29590 Málaga
31/05/2020,Audi A3,n/a,4300,251.000,05/2007,103 kW (140 CV),Manual,Diésel,03004 Alicante (Alacant)
31/05/2020,Audi A3,2.0TDI Ambiente,4300,224.400,12/2005,103 kW (140 CV),Manual,Diésel,08225 Terrassa
31/05/2020,Audi A3,n/a,4400,169.000,06/2005,147 kW (200 CV),Manual,Gasolina,31012 Pamplona
31/05/2020,Audi A3,2.0TDI Ambition,4450,280.000,06/2005,103 kW (140 CV),Manual,Diésel,33013 Oviedo
31/05/2020,Audi A3,2.0 FSI Ambition,4500,205.000,06/2005,110 kW (150 CV),Manual,Gasolina,07829 San José
31/05/2020,Audi A3,Sportback 2.0TDI Ambition,4500,440.000,06/2005,103 kW (140 CV),Manual,Diésel,28280 El Escorial
31/05/2020,Audi A3,Sportback 2.0TDI Ambition,4500,305.000,05/2006,103 kW (140 CV),Manual,Diésel,08700 Igualada
31/05/2020,Audi A3,2.0TDI Ambiente S-Tronic,4500,235.000,09/2005,103 kW (140 CV),Automático,Diésel,04720 Roquetas de Mar
31/05/2020,Audi A3,Sportback 2.0TDI Ambiente DPF,4500,233.000,12/2006,103 kW (140 CV),Manual,Diésel,46380 Valencia
31/05/2020,Audi A3,2.0 TDi 16v Ambition S line DPF,4500,240.000,03/2008,120 kW (163 CV),Manual,Diésel,28440 Guadarrama
31/05/2020,Audi A3,2.0 FSI Ambition (CAMBIO POR COCHE 5 PUERTAS),4500,133.000,05/2004,110 kW (150 CV),Manual,Gasolina,28100 Madrid
31/05/2020,Audi A3,2.0TDI Ambiente,4600,146.000,01/2004,103 kW (140 CV),Manual,Diésel,39006 Santander
31/05/2020,Audi A3,2.0TDI Ambition DPF,4700,175.000,10/2006,103 kW (140 CV),Manual,Diésel,08232 viladecavalls
31/05/2020,Audi A3,Sportback 2.0TDI Ambiente,4700,245.000,02/2006,103 kW (140 CV),Manual,Diésel,23680 Alcala la Real
31/05/2020,Audi A3,n/a,4750,224.000,08/2007,103 kW (140 CV),Manual,Diésel,46920 Mislata
31/05/2020,Audi A3,2.0TDI Ambition,4770,199.999,12/2007,103 kW (140 CV),Manual,Diésel,03003 alicante
31/05/2020,Audi A3,n/a,4800,240.000,06/2008,125 kW (170 CV),Manual,Diésel,08042 Barcelona
31/05/2020,Audi A3,Sportback 2.0TDI Ambition DPF,4850,262.000,02/2006,103 kW (140 CV),Manual,Diésel,50019 Zaragoza
31/05/2020,Audi A3,Sportback 1.6 FSI Attraction,4850,158.000,01/2005,84 kW (114 CV),Manual,Gasolina,34004 PALENCIA
31/05/2020,Audi A3,n/a,4900,214.000,07/2011,77 kW (105 CV),Manual,Diésel,08912 Badalona
31/05/2020,Audi A3,n/a,4900,180.000,06/2008,103 kW (140 CV),Manual,Diésel,33208 Gijón
31/05/2020,Audi A3,n/a,4900,231.000,06/2008,103 kW (140 CV),Automático,Diésel,20305 Irún
31/05/2020,Audi A3,Sportback 1.9TDI Ambition,4900,230.000,10/2005,77 kW (105 CV),Manual,Diésel,08191 Barcelona
31/05/2020,Audi A3,1.9TDI Attraction,4900,173.000,02/2005,77 kW (105 CV),Manual,Diésel,28830 San Fernando De Henares
31/05/2020,Audi A3,2.0TDI Ambition,4900,231.500,01/2004,103 kW (140 CV),Manual,Diésel,27004 Lugo
31/05/2020,Audi A3,1.4 TFSI Ambition,4900,160.000,03/2008,92 kW (125 CV),Manual,Gasolina,39718 Medio Cudeyo
31/05/2020,Audi A3,2.0TDI Ambition,4950,203.000,06/2006,103 kW (140 CV),Manual,Diésel,08980 San Felíu de Llobregat
31/05/2020,Audi A3,2.0TDI Attraction DPF,4990,267.000,05/2008,103 kW (140 CV),Manual,Diésel,50620 Casetas ( zaragoza)
31/05/2020,Audi A3,2.0TDI sportback 140cv,4999,175.000,04/2007,103 kW (140 CV),Manual,Diésel,03370 REDOVAN
31/05/2020,Audi A3,n/a,4999,211.000,08/2006,147 kW (200 CV),Manual,Gasolina,45003 Toledo
31/05/2020,Audi A3,n/a,5000,230.000,07/2005,103 kW (140 CV),Manual,Diésel,48610 Landa
31/05/2020,Audi A3,n/a,5000,115.100,06/2004,184 kW (250 CV),Manual,Gasolina,41013 Sevilla
31/05/2020,Audi A3,n/a,5000,158.000,08/2007,147 kW (200 CV),Manual,Gasolina,23700 Linares
31/05/2020,Audi A3,Sportback 1.6 Attraction,5000,114.000,01/2006,75 kW (102 CV),Manual,Gasolina,11204 algeciras
31/05/2020,Audi A3,Sportback 2.0 FSI Ambiente,5000,250.000,02/2005,110 kW (150 CV),Manual,Gasolina,46013 Valencia
31/05/2020,Audi A3,Sportback 2.0 FSI Ambition,5000,250.000,03/2005,110 kW (150 CV),Manual,Gasolina,46013 Valencia
31/05/2020,Audi A3,2.0TDI Ambition,5250,194.500,06/2007,103 kW (140 CV),Manual,Diésel,01008 Vitoria
31/05/2020,Audi A3,1.6TDI Attraction,5300,231.500,04/2010,77 kW (105 CV),Manual,Diésel,37007 Salamanca
31/05/2020,Audi A3,Sportback 2.0TDI Ambition,5495,225.000,03/2006,103 kW (140 CV),Manual,Diésel,08243 Manresa
31/05/2020,Audi A3,2.0 TDI F.AP. Ambition,5500,280.000,10/2010,103 kW (140 CV),Manual,Diésel,08459 Sant Pere De Vilamajor
31/05/2020,Audi A3,2.0 FSI Ambition,5500,138.000,10/2003,110 kW (150 CV),Manual,Gasolina,08780 Pallejá
31/05/2020,Audi A3,1.9TDI Ambition DPF S-Tronic,5500,202.000,02/2008,77 kW (105 CV),Automático,Diésel,21540 Villanueva de los Castillejos (Huelva)
31/05/2020,Audi A3,Sportback 2.0TDI Ambiente,5500,206.000,09/2008,103 kW (140 CV),Manual,Diésel,08028 Barcelona
31/05/2020,Audi A3,Sportback 1.9TDI Ambition,5600,266.000,04/2006,77 kW (105 CV),Manual,Diésel,29740 Torre del Mar
31/05/2020,Audi A3,Sportback 2.0TDI Attraction,5700,157.200,04/2007,103 kW (140 CV),Manual,Diésel,02005 Albacete
31/05/2020,Audi A3,Sportback 2.0TDI Attraction S-T,5779,207.000,01/2006,103 kW (140 CV),Automático,Diésel,28941 fuelabrada
31/05/2020,Audi A3,1.4 TFSI Ambiente S-Tronic,5800,135.000,10/2008,92 kW (125 CV),Automático,Gasolina,30157 Murcia
31/05/2020,Audi A3,1.4 TFSI Ambiente S-Tronic,5800,134.500,08/2008,92 kW (125 CV),Automático,Gasolina,30157 Murcia
31/05/2020,Audi A3,Sportback 2.0TDI Ambiente quattro,5800,176.000,03/2006,103 kW (140 CV),Manual,Diésel,46006 valencia
31/05/2020,Audi A3,Sportback 2.0TDI Ambition,5800,189.000,04/2005,103 kW (140 CV),Manual,Diésel,08130 Barcelona
31/05/2020,Audi A3,1.9 TDI Sportback DPF Ambition,5800,192.500,02/2008,77 kW (105 CV),Manual,Diésel,29630 Benalmadena
31/05/2020,Audi A3,1.6 FSI Ambition,5800,99.000,12/2006,84 kW (114 CV),Manual,Gasolina,"08758 Cervelló, Barcelona"
31/05/2020,Audi A3,2.0 TDI Sportback DPF Ambition,5850,206.000,08/2007,103 kW (140 CV),Manual,Diésel,29630 Benalmadena
31/05/2020,Audi A3,1.6TDI Attraction,5900,182.000,01/2010,77 kW (105 CV),Manual,Diésel,28850 Madrid
31/05/2020,Audi A3,Sportback 1.6 FSI Ambition,5900,118.000,01/2005,84 kW (114 CV),Manual,Gasolina,08020 BARCELONA
31/05/2020,Audi A3,Sportback 2.0TDI Ambition,5900,210.500,10/2006,103 kW (140 CV),Manual,Diésel,28024 Madrid
31/05/2020,Audi A3,Sportback 2.0TDI Ambiente DPF,5900,200.000,01/2010,103 kW (140 CV),Manual,Diésel,43340 Montbrio del Camp
31/05/2020,Audi A3,Sportback 2.0TDI Ambition DPF,5950,195.800,09/2006,103 kW (140 CV),Automático,Diésel,28806 Madrid
31/05/2020,Audi A3,2.0TDI Ambiente,5950,200.000,12/2005,103 kW (140 CV),Manual,Diésel,18194 granada
31/05/2020,Audi A3,Sportback 2.0TDI Ambiente S-Tronic,5999,229.000,11/2007,103 kW (140 CV),Automático,Diésel,08551 Tona
31/05/2020,Audi A3,2.0TDI Ambition,6000,260.000,01/2005,103 kW (140 CV),Manual,Diésel,45210 toledo
31/05/2020,Audi A3,1.9TDI Ambiente,6000,200.000,07/2006,77 kW (105 CV),Manual,Diésel,04738 vicar
31/05/2020,Audi A3,Sportback 1.4 TFSI Ambition,6000,230.000,02/2009,92 kW (125 CV),Manual,Gasolina,08720 VILAFRANCA DEL PENEDES
31/05/2020,Audi A3,2.0TDI Ambiente 170 DPF,6000,215.000,10/2006,125 kW (170 CV),Manual,Diésel,10890 Valverde Del Fresno
31/05/2020,Audi A3,2.0TDI Ambition,6000,257.000,01/2006,103 kW (140 CV),Manual,Diésel,12580 Benicarló
31/05/2020,Audi A3,Sportback 2.0TDI Ambiente 170,6000,230.000,08/2007,125 kW (170 CV),Manual,Diésel,21800 Moguer
31/05/2020,Audi A3,2.0TDI Ambiente,6100,225.435,10/2006,103 kW (140 CV),Manual,Diésel,46410 sueca
31/05/2020,Audi A3,2.0TDI Limited Edition 170 DPF,6200,308.000,06/2008,125 kW (170 CV),Manual,Diésel,36860 Puenteareas
31/05/2020,Audi A3,1.9TDI Ambiente,6200,300.000,11/2008,77 kW (105 CV),Manual,Diésel,24010 Leon
31/05/2020,Audi A3,n/a,6300,239.000,09/2011,77 kW (105 CV),Manual,Diésel,17527 LLIVIA
31/05/2020,Audi A3,1.6TDI Attraction,6400,182.500,03/2010,77 kW (105 CV),Manual,Diésel,43110 Tarragona
31/05/2020,Audi A3,Sportback 2.0 FSI Ambiente,6400,68.000,04/2005,110 kW (150 CV),Manual,Gasolina,08006 Barcelona
31/05/2020,Audi A3,Sportback 1.6TDI Attraction,6500,170.000,03/2010,77 kW (105 CV),Manual,Diésel,43007 TARRAGONA
31/05/2020,Audi A3,2.0 FSI Ambition,6500,125.000,07/2006,110 kW (150 CV),Manual,Gasolina,24300 Bembibre
31/05/2020,Audi A3,Sportback 1.6 FSI Ambition,6500,150.000,04/2007,84 kW (114 CV),Manual,Gasolina,28044 Madrid
31/05/2020,Audi A3,Sportback 2.0TDI Ambiente DPF,6500,208.000,03/2010,103 kW (140 CV),Manual,Diésel,03690 San Vicente del Raspeig
31/05/2020,Audi A3,2.0TDI S line edition,6500,320.000,06/2008,103 kW (140 CV),Manual,Diésel,40195 Segovia
31/05/2020,Audi A3,Sportback 1.9TDI Ambiente,6500,155.000,10/2007,77 kW (105 CV),Manual,Diésel,08130 santa Perpètua de Mogoda
31/05/2020,Audi A3,2.0 TDI S-line DPF,6500,203.000,06/2008,103 kW (140 CV),Manual,Diésel,08400 Granollers
31/05/2020,Audi A3,2.0 FSI Ambition,6500,64.000,12/2004,110 kW (150 CV),Manual,Gasolina,08009 Barcelona
31/05/2020,Audi A3,1.4 TFSI Limited Edition,6700,190.000,12/2007,92 kW (125 CV),Manual,Gasolina,28223 Pozuelo de Alarcón
31/05/2020,Audi A3,2.0TDI Attraction DSG,6800,225.000,12/2005,103 kW (140 CV),Automático,Diésel,46004 Valencia
31/05/2020,Audi A3,Sportback 2.0TDI S line edition,6900,231.000,03/2008,103 kW (140 CV),Automático,Diésel,12580 Benicarlo
31/05/2020,Audi A3,2.0TDI Ambition 170 DPF,6950,138.000,12/2007,125 kW (170 CV),Manual,Diésel,08031 Barcelona
31/05/2020,Audi A3,Sportback 2.0TDI Limited Edition 170,6999,150.000,12/2007,125 kW (170 CV),Manual,Diésel,08904 barcelona
31/05/2020,Audi A3,Sportback 2.0 TFSI Ambition quattro,7000,227.500,04/2006,147 kW (200 CV),Manual,Gasolina,28037 Madrid
31/05/2020,Audi A3,3.2 V6 Ambition quattro DSG,7000,250.000,03/2004,184 kW (250 CV),Automático,Gasolina,11670 el bosque
31/05/2020,Audi A3,2.0TDI Ambiente 170 DPF,7000,233.059,04/2007,125 kW (170 CV),Manual,Diésel,24000 león
31/05/2020,Audi A3,2.0TDI Ambition DPF,7799,255.000,02/2009,103 kW (140 CV),Manual,Diésel,27004 Lugo
31/05/2020,Audi A3,Sportback 2.0TDI Ambiente,7800,152.000,12/2008,103 kW (140 CV),Manual,Diésel,08100 Barcelona
31/05/2020,Audi A3,Sportback 2.0 TFSI Attraction Quattro,7800,210.000,05/2006,147 kW (200 CV),Manual,Gasolina,21006 huelva
31/05/2020,Audi A3,Sportback 1.8 TFSI Ambiente S-Tronic,7999,190.000,06/2009,118 kW (160 CV),Automático,Gasolina,17200 Palafrugell
31/05/2020,Audi A3,Sportback 2.0TDI Ambiente DPF,8000,185.000,10/2008,103 kW (140 CV),Manual,Diésel,45210 Yuncos
31/05/2020,Audi A3,Sportback 2.0TDI Ambition DPF,8000,179.000,06/2009,103 kW (140 CV),Manual,Diésel,43206 Reus
31/05/2020,Audi A3,2.0TDI Ambition,8000,185.000,01/2008,103 kW (140 CV),Manual,Diésel,28020 Madrid
31/05/2020,Audi A3,1.6TDI Attraction,8000,100.000,06/2012,77 kW (105 CV),Manual,Diésel,46001 Valencia
31/05/2020,Audi A3,Sportback 2.0TDI Ambition S-T 170,8000,260.000,12/2006,125 kW (170 CV),Automático,Diésel,28120 Algete
31/05/2020,Audi A3,Sportback 2.0TDI Ambiente DPF,8200,260.000,01/2008,103 kW (140 CV),Manual,Diésel,44300 monreal del campo
31/05/2020,Audi A3,Sportback 1.6TDI Attraction,8200,280.000,05/2010,77 kW (105 CV),Manual,Diésel,28044 Madrid
31/05/2020,Audi A3,Sportback 2.0TDI Ambiente DPF,8200,198.000,11/2009,103 kW (140 CV),Manual,Diésel,43881 Tarragona
31/05/2020,Audi A3,1.6TDI Ambiente,8300,120.000,04/2010,77 kW (105 CV),Manual,Diésel,15003 La Coruña
31/05/2020,Audi A3,Cabrio 1.9TDI,8375,189.000,05/2008,77 kW (105 CV),Manual,Diésel,28922 Madrid
31/05/2020,Audi A3,Sportback 2.0TDI S line edition,8490,132.500,08/2008,103 kW (140 CV),Manual,Diésel,23200 La Carolina
31/05/2020,Audi A3,1.6TDI Genuine Edition,8500,134.000,06/2011,77 kW (105 CV),Manual,Diésel,41005 Sevilla
31/05/2020,Audi A3,Sportback 1.6TDI Ambiente,8500,180.000,12/2010,77 kW (105 CV),Manual,Diésel,30149 Murcia
31/05/2020,Audi A3,Sportback 2.0 TFSI Ambition Q. S-T,8850,133.450,10/2008,147 kW (200 CV),Automático,Gasolina,08020 Barcelona
31/05/2020,Audi A3,Sportback 2.0TDI Ambition,8900,135.000,07/2010,103 kW (140 CV),Manual,Diésel,36201 Vigo
31/05/2020,Audi A3,Sportback 1.6TDI Ambiente,8900,87.500,10/2011,77 kW (105 CV),Manual,Diésel,17520 Puigcerda
31/05/2020,Audi A3,2.0TDI Attraction quattro,8900,210.000,01/2011,103 kW (140 CV),Manual,Diésel,28330 madrid
31/05/2020,Audi A3,2.0TDI Ambition DPF,8900,156.000,03/2010,103 kW (140 CV),Manual,Diésel,08349 Cabrera de Mar
31/05/2020,Audi A3,1.6TDI Ambiente,8900,112.000,04/2011,77 kW (105 CV),Manual,Diésel,46014 VALENCIA
31/05/2020,Audi A3,2.0TDI (140CV) S-Line,8999,167.000,06/2010,103 kW (140 CV),Manual,Diésel,28001 Madrid
31/05/2020,Audi A3,2.0TDI Ambition quattro 170 DPF,8999,199.999,05/2010,125 kW (170 CV),Manual,Diésel,01010 Vitoria-Gasteiz
31/05/2020,Audi A3,Sportback 2.0TDI Ambiente S-Tronic,9000,169.000,08/2011,103 kW (140 CV),Automático,Diésel,03801 Alcoy
31/05/2020,Audi A3,2.0 TFSI Ambition quattro S-Tronic,9000,172.500,10/2009,147 kW (200 CV),Automático,Gasolina,25530 Vielha
31/05/2020,Audi A3,1.6TDI Genuine Edition,9200,180.000,07/2011,77 kW (105 CV),Manual,Diésel,02400 Hellin
31/05/2020,Audi A3,2.0 tfsi tracion quattro sline,9250,216.000,07/2004,200 kW (272 CV),Manual,Gasolina,24403 Ponferrada
31/05/2020,Audi A3,2.0TDI Attraction,9400,110.000,11/2011,103 kW (140 CV),Manual,Diésel,48480 Bilbao
31/05/2020,Audi A3,Sportback 1.6TDI Ambiente S-Tronic,9500,69.000,05/2010,77 kW (105 CV),Automático,Diésel,08760 Martorell
31/05/2020,Audi A3,1.4 TFSI Ambiente S-Tronic,9500,120.000,03/2009,92 kW (125 CV),Automático,Gasolina,46870 Ontinyent
31/05/2020,Audi A3,1.6TDI Ambiente,9500,116.000,08/2010,77 kW (105 CV),Manual,Diésel,12005 CASTELLON DE LA PLANA
31/05/2020,Audi A3,1.8 TFSI Ambition,9500,71.000,11/2008,118 kW (160 CV),Manual,Gasolina,48012 Bilbao
31/05/2020,Audi A3,Cabrio 2.0TDI Attraction DPF,9899,188.000,09/2008,103 kW (140 CV),Manual,Diésel,46007 Valencia
31/05/2020,Audi A3,3.2 quattro Sportback Ambition,9900,143.000,08/2006,184 kW (250 CV),Manual,Gasolina,04740 Roquetas De Mar
31/05/2020,Audi A3,Sportback 2.0TDI Ambition,9900,106.000,01/2009,103 kW (140 CV),Manual,Diésel,08915 badalona
31/05/2020,Audi A3,2.0 FSI Ambition,9980,50.000,03/2004,110 kW (150 CV),Manual,Gasolina,50001 Zaragoza
31/05/2020,Audi A3,Sportback 1.6TDI Attraction 105,9990,180.000,02/2014,77 kW (105 CV),Manual,Diésel,08204 sabadell
31/05/2020,Audi A3,1.6TDI Attraction S-Tronic,9999,138.000,06/2012,77 kW (105 CV),Automático,Diésel,39180 Noja
31/05/2020,Audi A3,Sportback 1.6TDI Genuine Edition S-T,9999,155.000,12/2011,77 kW (105 CV),Automático,Diésel,05005 Ávila
31/05/2020,Audi A3,Sedán 1.6TDI Adrenalin S-Tronic,10000,142.000,06/2014,77 kW (105 CV),Automático,Diésel,28050 Madrid
31/05/2020,Audi A3,Sportback 3.2 V6 Ambition quattro S-T,10000,110.000,07/2005,184 kW (250 CV),Automático,Gasolina,28007 Madrid
31/05/2020,Audi A3,Sportback 1.6TDI CD S line edition,10000,171.000,11/2015,81 kW (110 CV),Manual,Diésel,30008 Murcia
31/05/2020,Audi A3,Sportback 2.0TDI Ambition 150,10000,198.980,10/2013,110 kW (150 CV),Manual,Diésel,41004 Sevilla
31/05/2020,Audi A3,Sportback 2.0 TFSI Ambition S-Tronic,10000,190.000,01/2010,147 kW (200 CV),Automático,Gasolina,08034 Barcelona
31/05/2020,Audi A3,2.0TDI S line edition,10000,136.000,09/2008,103 kW (140 CV),Manual,Diésel,42200 Almazán
31/05/2020,Audi A3,2.0 TDI Sportback DPF Ambiente,10000,140.000,12/2011,103 kW (140 CV),Manual,Diésel,22580 BRNABARRE
31/05/2020,Audi A3,1.6TDI Attraction,10050,125.000,04/2009,77 kW (105 CV),Manual,Diésel,28040 Madrid
31/05/2020,Audi A3,Sedán 1.6TDI Ambiente S-Tronic,10500,180.000,03/2014,77 kW (105 CV),Automático,Diésel,08740 San Andrés de la Barca
31/05/2020,Audi A3,Sportback 1.4 TFSI GenuineEdition S-T Genuine Edit,10500,170.000,11/2012,92 kW (125 CV),Automático,Gasolina,08016 Barcelona
31/05/2020,Audi A3,2.0TDI S line edition,10500,182.000,04/2008,103 kW (140 CV),Manual,Diésel,36629 Vilanova de Arousa
31/05/2020,Audi A3,Cabrio 1.9TDI Attraction,10500,180.000,06/2008,77 kW (105 CV),Manual,Diésel,43700 El Vendrell
31/05/2020,Audi A3,Sportback 1.6TDI Ambition 110 CV,10500,195.000,10/2014,81 kW (110 CV),Manual,Diésel,28035 madrid
31/05/2020,Audi A3,2.0 FSI Ambition,10500,50.000,08/2005,110 kW (150 CV),Manual,Gasolina,50001 Zaragoza
31/05/2020,Audi A3,n/a,10620,96.200,03/2015,1 kW (1 CV),-/- (Cambio),Diésel,30010 Murcia
31/05/2020,Audi A3,n/a,10627,102.000,06/2014,1 kW (1 CV),-/- (Cambio),Diésel,22714 Sabiñánigo
31/05/2020,Audi A3,Sportback 2.0TDI S Line Edition S-Tronic,10699,178.000,11/2011,103 kW (140 CV),Automático,Diésel,28032 madrid
31/05/2020,Audi A3,2.0TDI Ambition,10700,149.900,02/2011,103 kW (140 CV),Manual,Diésel,39012 Santander
31/05/2020,Audi A3,Sportback 2.0TDI Ambition S-Tronic,10700,125.000,11/2011,103 kW (140 CV),Automático,Diésel,07609 Lluchmayor
